bom_no,product_no,material_no,material_usage
BOM-P0001,P0001,S0013,1.833600
BOM-P0001,P0001,S0016,2.285300
BOM-P0001,P0001,S0017,2.376600
BOM-P0001,P0001,S0045,3.328000
BOM-P0001,P0001,S0048,2.086000
BOM-P0001,P0001,S0053,1.628500
BOM-P0001,P0001,S0058,2.516100
BOM-P0001,P0001,S0072,3.656400
BOM-P0001,P0001,S0112,1.415000
BOM-P0001,P0001,S0115,3.919300
BOM-P0001,P0001,S0120,2.882300
BOM-P0001,P0001,S0126,3.189200
BOM-P0001,P0001,S0141,2.811200
BOM-P0001,P0001,S0217,2.186900
BOM-P0001,P0001,S0280,3.053800
BOM-P0001,P0001,S0303,1.944000
BOM-P0001,P0001,S0347,2.904900
BOM-P0001,P0001,S0378,2.140400
BOM-P0001,P0001,S0380,1.290100
BOM-P0001,P0001,S0457,1.734400
BOM-P0002,P0002,S0006,3.189800
BOM-P0002,P0002,S0033,2.610900
BOM-P0002,P0002,S0129,1.001700
BOM-P0002,P0002,S0196,2.501800
BOM-P0002,P0002,S0198,1.474500
BOM-P0002,P0002,S0240,3.525000
BOM-P0002,P0002,S0271,1.596700
BOM-P0002,P0002,S0284,1.377300
BOM-P0002,P0002,S0306,3.162200
BOM-P0002,P0002,S0349,1.192100
BOM-P0002,P0002,S0441,3.840500
BOM-P0002,P0002,S0483,1.635400
BOM-P0002,P0002,S0498,3.420300
BOM-P0003,P0003,S0324,3.170100
BOM-P0003,P0003,S0363,1.176600
BOM-P0004,P0004,S0028,1.392600
BOM-P0004,P0004,S0049,1.498900
BOM-P0004,P0004,S0050,2.365000
BOM-P0004,P0004,S0098,3.779100
BOM-P0004,P0004,S0125,1.181800
BOM-P0004,P0004,S0182,1.472300
BOM-P0004,P0004,S0209,3.508100
BOM-P0004,P0004,S0211,2.211300
BOM-P0004,P0004,S0217,1.240300
BOM-P0004,P0004,S0221,1.182900
BOM-P0004,P0004,S0240,2.709000
BOM-P0004,P0004,S0243,2.960400
BOM-P0004,P0004,S0338,3.155200
BOM-P0004,P0004,S0345,2.371700
BOM-P0004,P0004,S0374,3.804100
BOM-P0004,P0004,S0402,3.401800
BOM-P0004,P0004,S0414,1.151800
BOM-P0004,P0004,S0443,1.119200
BOM-P0005,P0005,S0005,2.863500
BOM-P0005,P0005,S0235,1.299900
BOM-P0006,P0006,S0036,1.753400
BOM-P0006,P0006,S0068,2.961900
BOM-P0006,P0006,S0081,2.747500
BOM-P0006,P0006,S0126,3.488000
BOM-P0006,P0006,S0136,2.835000
BOM-P0006,P0006,S0146,2.636800
BOM-P0006,P0006,S0155,1.996600
BOM-P0006,P0006,S0179,1.793400
BOM-P0006,P0006,S0190,2.682700
BOM-P0006,P0006,S0225,3.916600
BOM-P0006,P0006,S0279,3.777300
BOM-P0006,P0006,S0361,1.074400
BOM-P0006,P0006,S0427,3.921500
BOM-P0006,P0006,S0451,1.152400
BOM-P0006,P0006,S0452,3.227300
BOM-P0006,P0006,S0478,1.310800
BOM-P0007,P0007,S0056,2.534300
BOM-P0007,P0007,S0082,2.980100
BOM-P0007,P0007,S0137,1.116200
BOM-P0007,P0007,S0196,2.308200
BOM-P0007,P0007,S0360,2.789700
BOM-P0007,P0007,S0404,3.531000
BOM-P0007,P0007,S0447,3.419500
BOM-P0008,P0008,S0036,1.978500
BOM-P0008,P0008,S0187,1.990600
BOM-P0008,P0008,S0221,2.521400
BOM-P0008,P0008,S0341,3.708400
BOM-P0008,P0008,S0472,1.902800
BOM-P0008,P0008,S0486,2.663200
BOM-P0010,P0010,S0108,2.533500
BOM-P0010,P0010,S0147,2.325400
BOM-P0010,P0010,S0165,2.366200
BOM-P0010,P0010,S0221,3.879500
BOM-P0010,P0010,S0239,2.727000
BOM-P0010,P0010,S0297,3.455300
BOM-P0010,P0010,S0311,3.018400
BOM-P0010,P0010,S0336,2.833800
BOM-P0010,P0010,S0403,2.976600
BOM-P0011,P0011,S0003,3.491700
BOM-P0011,P0011,S0076,2.786400
BOM-P0011,P0011,S0125,3.002700
BOM-P0011,P0011,S0205,2.369400
BOM-P0011,P0011,S0254,1.319800
BOM-P0011,P0011,S0336,3.674300
BOM-P0011,P0011,S0353,3.157800
BOM-P0011,P0011,S0385,2.424000
BOM-P0011,P0011,S0395,2.752200
BOM-P0011,P0011,S0441,2.453800
BOM-P0011,P0011,S0454,3.570200
BOM-P0011,P0011,S0458,3.691600
BOM-P0012,P0012,S0004,3.399600
BOM-P0012,P0012,S0153,3.720800
BOM-P0012,P0012,S0181,2.213000
BOM-P0012,P0012,S0200,3.495800
BOM-P0012,P0012,S0215,3.333400
BOM-P0012,P0012,S0245,2.614700
BOM-P0012,P0012,S0386,2.989000
BOM-P0012,P0012,S0428,3.300700
BOM-P0012,P0012,S0437,3.343700
BOM-P0012,P0012,S0457,3.262700
BOM-P0012,P0012,S0483,2.464700
BOM-P0012,P0012,S0489,1.598100
BOM-P0013,P0013,S0039,1.305700
BOM-P0013,P0013,S0125,3.486100
BOM-P0013,P0013,S0304,3.550900
BOM-P0013,P0013,S0322,1.038000
BOM-P0013,P0013,S0354,1.363200
BOM-P0013,P0013,S0426,3.347900
BOM-P0014,P0014,S0091,2.306700
BOM-P0014,P0014,S0139,2.021000
BOM-P0014,P0014,S0239,1.829500
BOM-P0014,P0014,S0248,1.574600
BOM-P0014,P0014,S0268,3.492200
BOM-P0014,P0014,S0276,2.592800
BOM-P0014,P0014,S0316,3.103600
BOM-P0014,P0014,S0334,2.009200
BOM-P0014,P0014,S0376,1.805200
BOM-P0014,P0014,S0397,2.361200
BOM-P0014,P0014,S0414,2.937700
BOM-P0014,P0014,S0471,2.213200
BOM-P0014,P0014,S0495,2.709500
BOM-P0015,P0015,S0008,2.863100
BOM-P0015,P0015,S0024,3.801000
BOM-P0015,P0015,S0052,1.036800
BOM-P0015,P0015,S0065,2.656000
BOM-P0015,P0015,S0092,1.677100
BOM-P0015,P0015,S0100,1.447600
BOM-P0015,P0015,S0117,1.355400
BOM-P0015,P0015,S0141,1.213500
BOM-P0015,P0015,S0145,3.092300
BOM-P0015,P0015,S0152,1.911500
BOM-P0015,P0015,S0155,2.351500
BOM-P0015,P0015,S0185,2.819000
BOM-P0015,P0015,S0274,1.623400
BOM-P0015,P0015,S0306,3.922900
BOM-P0015,P0015,S0363,3.220300
BOM-P0015,P0015,S0427,1.196000
BOM-P0016,P0016,S0031,2.313300
BOM-P0016,P0016,S0037,1.816700
BOM-P0016,P0016,S0073,1.865800
BOM-P0016,P0016,S0085,3.668300
BOM-P0016,P0016,S0158,3.852400
BOM-P0016,P0016,S0305,3.016800
BOM-P0016,P0016,S0406,2.811100
BOM-P0016,P0016,S0424,3.246900
BOM-P0017,P0017,S0047,1.409500
BOM-P0017,P0017,S0093,2.627800
BOM-P0017,P0017,S0143,1.110100
BOM-P0017,P0017,S0171,2.366000
BOM-P0017,P0017,S0179,3.461600
BOM-P0017,P0017,S0210,3.595800
BOM-P0017,P0017,S0224,2.890100
BOM-P0017,P0017,S0241,3.802700
BOM-P0017,P0017,S0252,1.875600
BOM-P0017,P0017,S0300,3.783000
BOM-P0017,P0017,S0326,3.129300
BOM-P0017,P0017,S0417,3.738800
BOM-P0017,P0017,S0470,1.963200
BOM-P0017,P0017,S0497,2.246500
BOM-P0018,P0018,S0019,3.703600
BOM-P0018,P0018,S0065,1.473900
BOM-P0018,P0018,S0078,1.236900
BOM-P0018,P0018,S0196,1.463100
BOM-P0018,P0018,S0198,2.192400
BOM-P0018,P0018,S0254,2.859100
BOM-P0018,P0018,S0258,3.070900
BOM-P0018,P0018,S0334,1.499100
BOM-P0018,P0018,S0340,2.893500
BOM-P0018,P0018,S0362,3.896100
BOM-P0018,P0018,S0406,3.992300
BOM-P0018,P0018,S0416,2.229900
BOM-P0018,P0018,S0421,2.301900
BOM-P0018,P0018,S0468,2.370800
BOM-P0018,P0018,S0494,2.913700
BOM-P0019,P0019,S0005,3.162800
BOM-P0019,P0019,S0012,3.334900
BOM-P0019,P0019,S0141,2.862700
BOM-P0019,P0019,S0203,3.327200
BOM-P0019,P0019,S0290,3.515000
BOM-P0019,P0019,S0338,3.498500
BOM-P0019,P0019,S0352,1.926800
BOM-P0019,P0019,S0425,3.731900
BOM-P0019,P0019,S0443,3.710200
BOM-P0020,P0020,S0068,1.676800
BOM-P0020,P0020,S0090,2.445500
BOM-P0020,P0020,S0103,3.239700
BOM-P0020,P0020,S0168,3.914500
BOM-P0020,P0020,S0213,1.770900
BOM-P0020,P0020,S0277,3.372000
BOM-P0020,P0020,S0383,3.740500
BOM-P0020,P0020,S0403,3.023200
BOM-P0020,P0020,S0449,3.247000
BOM-P0021,P0021,S0033,2.964800
BOM-P0021,P0021,S0114,3.011500
BOM-P0021,P0021,S0238,1.651800
BOM-P0021,P0021,S0313,1.348400
BOM-P0021,P0021,S0326,2.847000
BOM-P0021,P0021,S0332,3.837900
BOM-P0021,P0021,S0359,2.076000
BOM-P0021,P0021,S0422,1.839200
BOM-P0021,P0021,S0466,2.633400
BOM-P0021,P0021,S0469,1.906600
BOM-P0022,P0022,S0109,1.064100
BOM-P0022,P0022,S0340,2.925100
BOM-P0023,P0023,S0036,1.395400
BOM-P0023,P0023,S0065,2.662600
BOM-P0023,P0023,S0106,1.434100
BOM-P0023,P0023,S0290,1.008500
BOM-P0023,P0023,S0392,1.190700
BOM-P0023,P0023,S0403,3.439200
BOM-P0023,P0023,S0425,1.522700
BOM-P0024,P0024,S0016,2.685100
BOM-P0024,P0024,S0023,2.470800
BOM-P0024,P0024,S0032,2.232400
BOM-P0024,P0024,S0056,3.455300
BOM-P0024,P0024,S0155,2.360500
BOM-P0024,P0024,S0206,2.446600
BOM-P0024,P0024,S0219,2.050300
BOM-P0024,P0024,S0235,1.201400
BOM-P0024,P0024,S0246,3.823400
BOM-P0024,P0024,S0267,3.596500
BOM-P0024,P0024,S0330,1.279700
BOM-P0024,P0024,S0338,3.633100
BOM-P0024,P0024,S0352,1.344700
BOM-P0024,P0024,S0373,1.220500
BOM-P0024,P0024,S0402,2.873000
BOM-P0024,P0024,S0434,2.801200
BOM-P0024,P0024,S0444,2.816300
BOM-P0024,P0024,S0466,3.136500
BOM-P0024,P0024,S0494,1.179900
BOM-P0025,P0025,S0004,3.043400
BOM-P0025,P0025,S0014,2.022700
BOM-P0025,P0025,S0015,2.379300
BOM-P0025,P0025,S0074,1.969600
BOM-P0025,P0025,S0093,2.253100
BOM-P0025,P0025,S0137,3.418600
BOM-P0025,P0025,S0140,2.380300
BOM-P0025,P0025,S0159,3.717800
BOM-P0025,P0025,S0174,2.966500
BOM-P0025,P0025,S0180,2.691200
BOM-P0025,P0025,S0286,2.699000
BOM-P0025,P0025,S0312,2.788700
BOM-P0025,P0025,S0337,1.149300
BOM-P0025,P0025,S0356,2.500800
BOM-P0025,P0025,S0360,2.085600
BOM-P0025,P0025,S0391,2.187300
BOM-P0025,P0025,S0425,3.953300
BOM-P0025,P0025,S0446,2.929000
BOM-P0025,P0025,S0472,1.443100
BOM-P0025,P0025,S0476,1.466700
BOM-P0026,P0026,S0035,3.932100
BOM-P0026,P0026,S0078,1.168500
BOM-P0026,P0026,S0141,1.517700
BOM-P0026,P0026,S0156,3.873200
BOM-P0026,P0026,S0226,1.931200
BOM-P0026,P0026,S0227,3.687600
BOM-P0026,P0026,S0241,2.662900
BOM-P0026,P0026,S0303,2.091700
BOM-P0026,P0026,S0324,2.815000
BOM-P0026,P0026,S0408,3.142900
BOM-P0027,P0027,S0027,2.986400
BOM-P0027,P0027,S0034,2.938100
BOM-P0027,P0027,S0169,2.025200
BOM-P0027,P0027,S0172,3.056200
BOM-P0027,P0027,S0174,2.969700
BOM-P0027,P0027,S0210,1.283500
BOM-P0027,P0027,S0307,1.930700
BOM-P0027,P0027,S0324,3.439600
BOM-P0027,P0027,S0332,3.486900
BOM-P0027,P0027,S0348,3.619800
BOM-P0027,P0027,S0397,1.852400
BOM-P0027,P0027,S0405,2.130000
BOM-P0028,P0028,S0040,3.629200
BOM-P0028,P0028,S0071,2.619300
BOM-P0028,P0028,S0080,2.579600
BOM-P0028,P0028,S0116,3.364400
BOM-P0028,P0028,S0152,2.791700
BOM-P0028,P0028,S0433,1.496600
BOM-P0029,P0029,S0100,1.561900
BOM-P0029,P0029,S0120,3.791400
BOM-P0029,P0029,S0123,2.005900
BOM-P0029,P0029,S0146,3.953300
BOM-P0029,P0029,S0159,1.416400
BOM-P0029,P0029,S0189,2.570500
BOM-P0029,P0029,S0230,3.450100
BOM-P0029,P0029,S0241,2.868400
BOM-P0029,P0029,S0274,2.124700
BOM-P0029,P0029,S0293,1.048700
BOM-P0029,P0029,S0348,3.965000
BOM-P0029,P0029,S0384,2.540100
BOM-P0029,P0029,S0386,3.553500
BOM-P0029,P0029,S0402,1.275100
BOM-P0029,P0029,S0415,1.333600
BOM-P0029,P0029,S0428,1.725800
BOM-P0029,P0029,S0463,1.049300
BOM-P0029,P0029,S0485,2.171400
BOM-P0029,P0029,S0495,2.345800
BOM-P0030,P0030,S0054,3.586400
BOM-P0030,P0030,S0069,2.331700
BOM-P0030,P0030,S0124,1.133000
BOM-P0030,P0030,S0171,1.247800
BOM-P0030,P0030,S0298,3.229900
BOM-P0030,P0030,S0322,1.946800
BOM-P0030,P0030,S0337,2.435600
BOM-P0030,P0030,S0376,3.440500
BOM-P0030,P0030,S0377,2.159900
BOM-P0030,P0030,S0388,2.488600
BOM-P0030,P0030,S0396,2.104100
BOM-P0031,P0031,S0030,2.116000
BOM-P0031,P0031,S0039,2.721800
BOM-P0031,P0031,S0141,3.038200
BOM-P0031,P0031,S0187,3.989100
BOM-P0031,P0031,S0208,3.740600
BOM-P0031,P0031,S0263,1.407200
BOM-P0031,P0031,S0327,1.748800
BOM-P0031,P0031,S0328,1.428300
BOM-P0031,P0031,S0344,2.194100
BOM-P0031,P0031,S0384,2.650000
BOM-P0031,P0031,S0406,3.343900
BOM-P0031,P0031,S0411,3.003500
BOM-P0031,P0031,S0486,3.037200
BOM-P0032,P0032,S0014,2.507700
BOM-P0032,P0032,S0063,3.487200
BOM-P0032,P0032,S0072,3.604600
BOM-P0032,P0032,S0090,1.389300
BOM-P0032,P0032,S0103,2.763400
BOM-P0032,P0032,S0115,2.927000
BOM-P0032,P0032,S0122,2.554300
BOM-P0032,P0032,S0185,2.873400
BOM-P0032,P0032,S0186,3.307500
BOM-P0032,P0032,S0189,1.243700
BOM-P0032,P0032,S0240,3.313100
BOM-P0032,P0032,S0253,1.908500
BOM-P0032,P0032,S0261,1.221300
BOM-P0032,P0032,S0283,1.869000
BOM-P0032,P0032,S0284,2.012900
BOM-P0032,P0032,S0294,1.123600
BOM-P0032,P0032,S0405,1.236600
BOM-P0032,P0032,S0406,1.387100
BOM-P0032,P0032,S0407,1.197200
BOM-P0032,P0032,S0412,2.494100
BOM-P0033,P0033,S0031,3.291600
BOM-P0033,P0033,S0038,2.496300
BOM-P0033,P0033,S0081,1.839200
BOM-P0033,P0033,S0126,1.612100
BOM-P0033,P0033,S0153,1.938100
BOM-P0033,P0033,S0208,1.982300
BOM-P0033,P0033,S0213,3.960400
BOM-P0033,P0033,S0226,3.041200
BOM-P0033,P0033,S0233,2.494800
BOM-P0033,P0033,S0238,1.135900
BOM-P0033,P0033,S0248,2.096800
BOM-P0033,P0033,S0351,3.926100
BOM-P0033,P0033,S0353,1.857200
BOM-P0033,P0033,S0413,1.937700
BOM-P0033,P0033,S0414,3.202600
BOM-P0034,P0034,S0009,2.039100
BOM-P0034,P0034,S0084,3.939700
BOM-P0034,P0034,S0154,1.443300
BOM-P0034,P0034,S0164,2.105100
BOM-P0034,P0034,S0173,1.329700
BOM-P0034,P0034,S0202,3.390300
BOM-P0034,P0034,S0244,2.183600
BOM-P0034,P0034,S0251,1.674600
BOM-P0034,P0034,S0260,3.618500
BOM-P0034,P0034,S0261,2.027000
BOM-P0034,P0034,S0273,3.411000
BOM-P0034,P0034,S0289,1.820400
BOM-P0034,P0034,S0304,1.094700
BOM-P0034,P0034,S0316,3.064100
BOM-P0034,P0034,S0363,1.892800
BOM-P0034,P0034,S0379,2.735400
BOM-P0034,P0034,S0418,1.862900
BOM-P0034,P0034,S0425,1.186800
BOM-P0034,P0034,S0432,2.859200
BOM-P0035,P0035,S0056,1.861700
BOM-P0035,P0035,S0071,2.951600
BOM-P0035,P0035,S0140,3.787300
BOM-P0035,P0035,S0288,1.698500
BOM-P0035,P0035,S0316,2.605500
BOM-P0035,P0035,S0357,1.015500
BOM-P0035,P0035,S0380,3.810000
BOM-P0035,P0035,S0478,2.760500
BOM-P0036,P0036,S0091,1.853700
BOM-P0036,P0036,S0214,3.758900
BOM-P0036,P0036,S0429,1.868400
BOM-P0036,P0036,S0452,2.191000
BOM-P0036,P0036,S0479,2.629900
BOM-P0037,P0037,S0058,3.481000
BOM-P0037,P0037,S0084,1.554300
BOM-P0037,P0037,S0099,1.771800
BOM-P0037,P0037,S0170,1.260200
BOM-P0037,P0037,S0235,2.216200
BOM-P0037,P0037,S0332,3.685400
BOM-P0037,P0037,S0375,2.078700
BOM-P0037,P0037,S0415,3.023200
BOM-P0038,P0038,S0061,2.612600
BOM-P0038,P0038,S0114,2.336400
BOM-P0038,P0038,S0152,1.336600
BOM-P0038,P0038,S0189,3.708700
BOM-P0038,P0038,S0315,2.561000
BOM-P0038,P0038,S0328,1.655200
BOM-P0038,P0038,S0354,1.657400
BOM-P0038,P0038,S0470,2.576500
BOM-P0038,P0038,S0482,2.085400
BOM-P0039,P0039,S0217,2.033600
BOM-P0040,P0040,S0017,2.345600
BOM-P0040,P0040,S0070,3.175100
BOM-P0040,P0040,S0093,1.068200
BOM-P0040,P0040,S0147,2.132500
BOM-P0040,P0040,S0192,1.710700
BOM-P0040,P0040,S0196,2.240700
BOM-P0040,P0040,S0210,2.960600
BOM-P0040,P0040,S0216,3.194600
BOM-P0040,P0040,S0329,1.722000
BOM-P0040,P0040,S0331,2.619300
BOM-P0040,P0040,S0374,3.109900
BOM-P0040,P0040,S0393,3.808700
BOM-P0040,P0040,S0394,2.137800
BOM-P0040,P0040,S0457,3.957100
BOM-P0040,P0040,S0494,3.328200
BOM-P0041,P0041,S0219,1.722900
BOM-P0041,P0041,S0254,3.903400
BOM-P0041,P0041,S0285,3.744200
BOM-P0041,P0041,S0321,1.140700
BOM-P0041,P0041,S0348,1.956200
BOM-P0042,P0042,S0105,2.762800
BOM-P0042,P0042,S0125,1.571400
BOM-P0042,P0042,S0131,1.218400
BOM-P0042,P0042,S0199,1.990800
BOM-P0043,P0043,S0107,3.240600
BOM-P0043,P0043,S0156,2.398000
BOM-P0043,P0043,S0171,2.078900
BOM-P0043,P0043,S0246,3.871100
BOM-P0043,P0043,S0446,3.743300
BOM-P0043,P0043,S0465,3.111300
BOM-P0044,P0044,S0009,3.729300
BOM-P0044,P0044,S0024,1.027400
BOM-P0044,P0044,S0075,3.022100
BOM-P0044,P0044,S0105,2.925100
BOM-P0044,P0044,S0114,2.449600
BOM-P0044,P0044,S0161,1.176200
BOM-P0044,P0044,S0164,1.737200
BOM-P0044,P0044,S0190,2.626400
BOM-P0044,P0044,S0212,1.145500
BOM-P0044,P0044,S0289,2.119600
BOM-P0044,P0044,S0380,1.051400
BOM-P0044,P0044,S0390,1.782300
BOM-P0044,P0044,S0430,2.737400
BOM-P0044,P0044,S0443,3.000300
BOM-P0044,P0044,S0469,3.830400
BOM-P0045,P0045,S0041,3.921500
BOM-P0045,P0045,S0137,3.975000
BOM-P0045,P0045,S0182,3.970700
BOM-P0045,P0045,S0192,3.757500
BOM-P0045,P0045,S0204,1.993800
BOM-P0045,P0045,S0408,1.095100
BOM-P0045,P0045,S0418,2.218100
BOM-P0045,P0045,S0492,2.426500
BOM-P0046,P0046,S0092,3.786300
BOM-P0047,P0047,S0040,3.172500
BOM-P0047,P0047,S0084,2.841600
BOM-P0047,P0047,S0124,2.471800
BOM-P0047,P0047,S0154,3.923000
BOM-P0047,P0047,S0200,3.591200
BOM-P0047,P0047,S0289,3.906800
BOM-P0047,P0047,S0291,2.757600
BOM-P0047,P0047,S0347,3.715600
BOM-P0047,P0047,S0428,3.139300
BOM-P0047,P0047,S0435,2.224100
BOM-P0047,P0047,S0460,2.715900
BOM-P0047,P0047,S0476,2.621700
BOM-P0048,P0048,S0004,3.456900
BOM-P0048,P0048,S0055,1.539800
BOM-P0048,P0048,S0070,1.080700
BOM-P0048,P0048,S0101,3.085900
BOM-P0048,P0048,S0156,3.828900
BOM-P0048,P0048,S0169,1.776200
BOM-P0048,P0048,S0171,2.254900
BOM-P0048,P0048,S0172,2.725700
BOM-P0048,P0048,S0195,2.972800
BOM-P0048,P0048,S0203,1.462400
BOM-P0048,P0048,S0226,2.556400
BOM-P0048,P0048,S0235,3.345900
BOM-P0048,P0048,S0254,2.291800
BOM-P0048,P0048,S0305,2.953100
BOM-P0048,P0048,S0316,1.901300
BOM-P0048,P0048,S0318,1.254900
BOM-P0048,P0048,S0412,2.935100
BOM-P0048,P0048,S0431,2.610700
BOM-P0048,P0048,S0442,3.900400
BOM-P0048,P0048,S0486,2.227400
BOM-P0049,P0049,S0013,1.257600
BOM-P0049,P0049,S0054,3.400200
BOM-P0049,P0049,S0177,1.886300
BOM-P0049,P0049,S0248,3.190500
BOM-P0050,P0050,S0082,2.732000
BOM-P0050,P0050,S0090,2.186700
BOM-P0050,P0050,S0170,2.610700
BOM-P0050,P0050,S0219,2.790900
BOM-P0050,P0050,S0265,3.875400
BOM-P0050,P0050,S0283,3.649300
BOM-P0050,P0050,S0287,2.583100
BOM-P0051,P0051,S0044,2.349200
BOM-P0051,P0051,S0059,1.353600
BOM-P0051,P0051,S0069,1.352200
BOM-P0051,P0051,S0089,2.484900
BOM-P0051,P0051,S0153,3.972700
BOM-P0051,P0051,S0161,1.629600
BOM-P0051,P0051,S0179,1.557300
BOM-P0051,P0051,S0181,3.080300
BOM-P0051,P0051,S0235,2.468900
BOM-P0051,P0051,S0303,1.893100
BOM-P0051,P0051,S0315,2.324100
BOM-P0051,P0051,S0317,3.855500
BOM-P0051,P0051,S0345,2.466100
BOM-P0051,P0051,S0362,2.532400
BOM-P0051,P0051,S0410,1.803700
BOM-P0051,P0051,S0417,2.246900
BOM-P0051,P0051,S0433,3.999700
BOM-P0051,P0051,S0471,3.270400
BOM-P0052,P0052,S0072,1.749000
BOM-P0052,P0052,S0085,3.977500
BOM-P0052,P0052,S0106,3.028700
BOM-P0052,P0052,S0220,3.357100
BOM-P0052,P0052,S0313,3.956500
BOM-P0052,P0052,S0316,1.380700
BOM-P0052,P0052,S0324,1.285700
BOM-P0052,P0052,S0364,1.802000
BOM-P0052,P0052,S0402,3.485400
BOM-P0052,P0052,S0417,2.125500
BOM-P0052,P0052,S0441,1.620800
BOM-P0053,P0053,S0002,1.496600
BOM-P0053,P0053,S0143,2.904500
BOM-P0053,P0053,S0168,1.905600
BOM-P0053,P0053,S0189,2.698400
BOM-P0053,P0053,S0233,1.372700
BOM-P0053,P0053,S0250,3.728200
BOM-P0053,P0053,S0298,3.629800
BOM-P0053,P0053,S0356,3.550300
BOM-P0053,P0053,S0376,1.428600
BOM-P0053,P0053,S0384,1.279400
BOM-P0053,P0053,S0397,1.309600
BOM-P0053,P0053,S0434,1.399400
BOM-P0053,P0053,S0445,2.266900
BOM-P0053,P0053,S0450,3.474500
BOM-P0053,P0053,S0480,2.193100
BOM-P0053,P0053,S0487,2.323900
BOM-P0055,P0055,S0045,1.930500
BOM-P0055,P0055,S0052,2.974200
BOM-P0055,P0055,S0078,3.801800
BOM-P0055,P0055,S0085,1.943500
BOM-P0055,P0055,S0110,3.351400
BOM-P0055,P0055,S0112,2.949500
BOM-P0055,P0055,S0180,2.975200
BOM-P0055,P0055,S0211,1.041400
BOM-P0055,P0055,S0226,3.163500
BOM-P0055,P0055,S0227,2.613000
BOM-P0055,P0055,S0316,2.519800
BOM-P0055,P0055,S0322,1.718000
BOM-P0055,P0055,S0333,1.420000
BOM-P0055,P0055,S0352,2.503100
BOM-P0055,P0055,S0370,2.175300
BOM-P0055,P0055,S0384,3.933100
BOM-P0055,P0055,S0441,2.759300
BOM-P0055,P0055,S0460,1.258600
BOM-P0055,P0055,S0471,2.639100
BOM-P0056,P0056,S0065,1.815900
BOM-P0056,P0056,S0086,3.659200
BOM-P0056,P0056,S0138,3.168300
BOM-P0056,P0056,S0191,1.088100
BOM-P0056,P0056,S0376,1.036900
BOM-P0056,P0056,S0384,2.488400
BOM-P0056,P0056,S0400,1.166300
BOM-P0056,P0056,S0448,1.500600
BOM-P0057,P0057,S0284,3.409300
BOM-P0058,P0058,S0027,1.954200
BOM-P0058,P0058,S0040,1.427100
BOM-P0058,P0058,S0062,2.183100
BOM-P0058,P0058,S0092,1.326900
BOM-P0058,P0058,S0115,2.370200
BOM-P0058,P0058,S0128,2.480100
BOM-P0058,P0058,S0139,3.181600
BOM-P0058,P0058,S0164,1.028800
BOM-P0058,P0058,S0165,2.391800
BOM-P0058,P0058,S0191,2.516300
BOM-P0058,P0058,S0214,1.586300
BOM-P0058,P0058,S0215,2.547300
BOM-P0058,P0058,S0258,1.186800
BOM-P0058,P0058,S0293,3.102500
BOM-P0058,P0058,S0345,1.392100
BOM-P0058,P0058,S0369,2.907800
BOM-P0058,P0058,S0412,3.893900
BOM-P0058,P0058,S0423,3.883600
BOM-P0058,P0058,S0462,3.102200
BOM-P0058,P0058,S0469,3.281400
BOM-P0059,P0059,S0021,1.093200
BOM-P0059,P0059,S0026,3.968200
BOM-P0059,P0059,S0047,1.128100
BOM-P0059,P0059,S0076,3.427900
BOM-P0059,P0059,S0090,3.300500
BOM-P0059,P0059,S0111,3.471000
BOM-P0059,P0059,S0128,2.850900
BOM-P0059,P0059,S0134,2.507200
BOM-P0059,P0059,S0154,2.454000
BOM-P0059,P0059,S0168,1.593300
BOM-P0059,P0059,S0183,2.437100
BOM-P0059,P0059,S0203,2.577400
BOM-P0059,P0059,S0263,3.406500
BOM-P0059,P0059,S0347,2.077300
BOM-P0059,P0059,S0365,2.488400
BOM-P0059,P0059,S0420,3.974600
BOM-P0059,P0059,S0428,2.758400
BOM-P0059,P0059,S0439,1.225000
BOM-P0059,P0059,S0496,2.496700
BOM-P0060,P0060,S0052,2.601100
BOM-P0060,P0060,S0124,3.948000
BOM-P0060,P0060,S0127,3.211200
BOM-P0060,P0060,S0137,1.709700
BOM-P0060,P0060,S0337,3.843400
BOM-P0062,P0062,S0073,3.881700
BOM-P0062,P0062,S0097,2.009700
BOM-P0062,P0062,S0253,1.382000
BOM-P0062,P0062,S0278,3.846400
BOM-P0062,P0062,S0289,3.539400
BOM-P0062,P0062,S0291,3.604700
BOM-P0062,P0062,S0415,2.947500
BOM-P0062,P0062,S0429,3.375500
BOM-P0062,P0062,S0452,2.841100
BOM-P0062,P0062,S0486,1.927200
BOM-P0062,P0062,S0497,1.920500
BOM-P0063,P0063,S0017,3.010100
BOM-P0063,P0063,S0094,2.007200
BOM-P0063,P0063,S0163,3.274700
BOM-P0063,P0063,S0291,3.889200
BOM-P0063,P0063,S0309,3.366200
BOM-P0063,P0063,S0314,2.302600
BOM-P0063,P0063,S0395,3.810100
BOM-P0063,P0063,S0415,1.279300
BOM-P0063,P0063,S0436,1.662700
BOM-P0063,P0063,S0472,2.641100
BOM-P0063,P0063,S0495,1.958600
BOM-P0063,P0063,S0496,2.840900
BOM-P0064,P0064,S0002,3.953100
BOM-P0064,P0064,S0026,1.290100
BOM-P0064,P0064,S0028,2.550500
BOM-P0064,P0064,S0050,1.453400
BOM-P0064,P0064,S0079,1.104200
BOM-P0064,P0064,S0122,2.162600
BOM-P0064,P0064,S0136,1.262900
BOM-P0064,P0064,S0145,2.412800
BOM-P0064,P0064,S0153,1.795000
BOM-P0064,P0064,S0185,3.948300
BOM-P0064,P0064,S0202,3.424500
BOM-P0064,P0064,S0219,3.425400
BOM-P0064,P0064,S0252,2.184400
BOM-P0064,P0064,S0282,2.255900
BOM-P0064,P0064,S0293,3.522400
BOM-P0064,P0064,S0339,2.875300
BOM-P0064,P0064,S0431,3.600700
BOM-P0065,P0065,S0035,1.294700
BOM-P0065,P0065,S0045,1.403200
BOM-P0065,P0065,S0076,3.751500
BOM-P0065,P0065,S0133,2.606900
BOM-P0065,P0065,S0142,1.602200
BOM-P0065,P0065,S0164,2.419100
BOM-P0065,P0065,S0167,2.572900
BOM-P0065,P0065,S0199,2.329300
BOM-P0065,P0065,S0204,3.740300
BOM-P0065,P0065,S0235,2.515400
BOM-P0065,P0065,S0267,1.821900
BOM-P0065,P0065,S0283,2.545800
BOM-P0065,P0065,S0285,1.808300
BOM-P0065,P0065,S0305,1.300600
BOM-P0065,P0065,S0373,1.994500
BOM-P0065,P0065,S0414,2.474900
BOM-P0065,P0065,S0428,2.258800
BOM-P0065,P0065,S0439,1.521200
BOM-P0065,P0065,S0467,1.116300
BOM-P0065,P0065,S0469,2.117300
BOM-P0066,P0066,S0016,1.532800
BOM-P0066,P0066,S0124,2.760600
BOM-P0066,P0066,S0349,2.117400
BOM-P0067,P0067,S0015,1.664100
BOM-P0067,P0067,S0146,2.159700
BOM-P0068,P0068,S0005,2.981600
BOM-P0068,P0068,S0068,1.756000
BOM-P0068,P0068,S0089,2.122700
BOM-P0068,P0068,S0115,3.163800
BOM-P0068,P0068,S0130,3.992400
BOM-P0068,P0068,S0157,2.427200
BOM-P0068,P0068,S0308,2.827200
BOM-P0068,P0068,S0312,3.984300
BOM-P0068,P0068,S0332,2.753500
BOM-P0068,P0068,S0365,2.075500
BOM-P0068,P0068,S0411,3.677100
BOM-P0068,P0068,S0413,2.029500
BOM-P0068,P0068,S0467,3.128100
BOM-P0068,P0068,S0483,3.059000
BOM-P0068,P0068,S0496,2.677100
BOM-P0069,P0069,S0046,2.411600
BOM-P0069,P0069,S0114,2.750700
BOM-P0069,P0069,S0115,2.501400
BOM-P0069,P0069,S0158,3.678500
BOM-P0069,P0069,S0182,1.213600
BOM-P0069,P0069,S0216,1.429700
BOM-P0069,P0069,S0336,3.660500
BOM-P0069,P0069,S0382,2.145000
BOM-P0069,P0069,S0404,1.541100
BOM-P0069,P0069,S0447,2.028000
BOM-P0070,P0070,S0067,2.301100
BOM-P0070,P0070,S0315,3.270500
BOM-P0073,P0073,S0024,1.038200
BOM-P0073,P0073,S0034,3.494500
BOM-P0073,P0073,S0053,2.250300
BOM-P0073,P0073,S0067,1.059200
BOM-P0073,P0073,S0086,1.353200
BOM-P0073,P0073,S0116,3.704200
BOM-P0073,P0073,S0128,2.572400
BOM-P0073,P0073,S0149,1.792400
BOM-P0073,P0073,S0153,3.714300
BOM-P0073,P0073,S0157,1.314700
BOM-P0073,P0073,S0160,2.985900
BOM-P0073,P0073,S0177,1.145800
BOM-P0073,P0073,S0197,1.616500
BOM-P0073,P0073,S0258,1.027900
BOM-P0073,P0073,S0302,1.411500
BOM-P0073,P0073,S0356,1.057400
BOM-P0073,P0073,S0376,2.367800
BOM-P0073,P0073,S0422,2.073800
BOM-P0073,P0073,S0450,2.769100
BOM-P0073,P0073,S0486,2.370300
BOM-P0074,P0074,S0049,3.639900
BOM-P0074,P0074,S0060,3.035200
BOM-P0074,P0074,S0161,1.548600
BOM-P0074,P0074,S0185,3.274600
BOM-P0074,P0074,S0219,3.069700
BOM-P0074,P0074,S0347,3.865300
BOM-P0074,P0074,S0379,3.533000
BOM-P0074,P0074,S0411,1.986000
BOM-P0074,P0074,S0436,3.675300
BOM-P0075,P0075,S0049,1.762900
BOM-P0075,P0075,S0115,3.555600
BOM-P0075,P0075,S0174,3.942000
BOM-P0075,P0075,S0266,1.053300
BOM-P0075,P0075,S0268,3.670300
BOM-P0075,P0075,S0290,1.470800
BOM-P0075,P0075,S0296,2.924200
BOM-P0075,P0075,S0317,2.643100
BOM-P0075,P0075,S0343,2.651500
BOM-P0075,P0075,S0353,2.963800
BOM-P0075,P0075,S0359,3.150000
BOM-P0075,P0075,S0371,1.163700
BOM-P0075,P0075,S0381,2.445800
BOM-P0075,P0075,S0393,2.298500
BOM-P0075,P0075,S0448,3.403800
BOM-P0075,P0075,S0490,1.224600
BOM-P0076,P0076,S0024,2.512600
BOM-P0076,P0076,S0064,3.747700
BOM-P0076,P0076,S0231,2.536900
BOM-P0076,P0076,S0235,2.643400
BOM-P0076,P0076,S0302,2.818500
BOM-P0076,P0076,S0325,2.659700
BOM-P0076,P0076,S0338,1.602700
BOM-P0076,P0076,S0345,1.310700
BOM-P0076,P0076,S0396,1.820800
BOM-P0076,P0076,S0429,3.763500
BOM-P0076,P0076,S0457,3.911500
BOM-P0076,P0076,S0475,1.013000
BOM-P0076,P0076,S0490,1.871700
BOM-P0077,P0077,S0166,2.601700
BOM-P0077,P0077,S0258,3.131100
BOM-P0077,P0077,S0278,2.686800
BOM-P0077,P0077,S0327,3.022700
BOM-P0077,P0077,S0356,3.828000
BOM-P0078,P0078,S0007,3.050200
BOM-P0078,P0078,S0013,3.218500
BOM-P0078,P0078,S0028,3.396500
BOM-P0078,P0078,S0029,3.055400
BOM-P0078,P0078,S0055,1.307400
BOM-P0078,P0078,S0075,1.712800
BOM-P0078,P0078,S0103,1.161400
BOM-P0078,P0078,S0137,1.609300
BOM-P0078,P0078,S0196,3.227200
BOM-P0078,P0078,S0268,1.096900
BOM-P0078,P0078,S0344,2.249700
BOM-P0078,P0078,S0385,3.581300
BOM-P0078,P0078,S0414,3.356600
BOM-P0079,P0079,S0039,3.047700
BOM-P0079,P0079,S0089,3.311500
BOM-P0079,P0079,S0091,2.947900
BOM-P0079,P0079,S0096,1.769800
BOM-P0079,P0079,S0100,2.210300
BOM-P0079,P0079,S0101,3.321000
BOM-P0079,P0079,S0151,2.082400
BOM-P0079,P0079,S0230,2.684000
BOM-P0079,P0079,S0264,3.844600
BOM-P0079,P0079,S0280,1.358100
BOM-P0079,P0079,S0309,3.785900
BOM-P0079,P0079,S0350,2.863400
BOM-P0079,P0079,S0372,3.352100
BOM-P0079,P0079,S0377,2.526200
BOM-P0079,P0079,S0379,1.765000
BOM-P0079,P0079,S0398,3.529400
BOM-P0079,P0079,S0493,1.074100
BOM-P0079,P0079,S0494,1.478100
BOM-P0080,P0080,S0034,3.450300
BOM-P0080,P0080,S0054,3.188000
BOM-P0080,P0080,S0106,1.424100
BOM-P0080,P0080,S0108,1.995100
BOM-P0080,P0080,S0110,1.217800
BOM-P0080,P0080,S0218,3.466400
BOM-P0080,P0080,S0223,1.953400
BOM-P0080,P0080,S0276,3.840900
BOM-P0080,P0080,S0323,2.299100
BOM-P0080,P0080,S0332,1.457200
BOM-P0080,P0080,S0344,2.164100
BOM-P0080,P0080,S0351,1.904100
BOM-P0080,P0080,S0360,3.554400
BOM-P0080,P0080,S0380,2.858500
BOM-P0080,P0080,S0397,3.160900
BOM-P0080,P0080,S0425,1.635200
BOM-P0080,P0080,S0428,2.902100
BOM-P0080,P0080,S0443,1.318400
BOM-P0080,P0080,S0450,2.649000
BOM-P0080,P0080,S0500,3.854600
BOM-P0081,P0081,S0003,1.789700
BOM-P0081,P0081,S0087,1.245900
BOM-P0081,P0081,S0114,3.674300
BOM-P0081,P0081,S0127,2.736700
BOM-P0081,P0081,S0161,1.229400
BOM-P0081,P0081,S0220,2.388500
BOM-P0081,P0081,S0365,3.571500
BOM-P0081,P0081,S0379,2.506500
BOM-P0081,P0081,S0403,1.638300
BOM-P0081,P0081,S0491,2.922500
BOM-P0082,P0082,S0072,2.900700
BOM-P0082,P0082,S0075,2.243800
BOM-P0082,P0082,S0082,2.095900
BOM-P0082,P0082,S0085,1.695200
BOM-P0082,P0082,S0092,3.506400
BOM-P0082,P0082,S0184,3.841800
BOM-P0082,P0082,S0229,1.521500
BOM-P0082,P0082,S0248,2.912900
BOM-P0082,P0082,S0264,1.309700
BOM-P0082,P0082,S0290,2.129000
BOM-P0082,P0082,S0338,3.661500
BOM-P0082,P0082,S0351,1.121300
BOM-P0082,P0082,S0375,1.167700
BOM-P0082,P0082,S0377,1.117600
BOM-P0082,P0082,S0388,2.083800
BOM-P0082,P0082,S0447,1.231300
BOM-P0082,P0082,S0481,3.183900
BOM-P0082,P0082,S0486,2.549100
BOM-P0082,P0082,S0496,1.634600
BOM-P0083,P0083,S0074,1.396600
BOM-P0083,P0083,S0113,3.383800
BOM-P0083,P0083,S0211,1.793600
BOM-P0083,P0083,S0308,2.028000
BOM-P0083,P0083,S0426,1.545700
BOM-P0084,P0084,S0020,2.567600
BOM-P0084,P0084,S0050,1.688500
BOM-P0084,P0084,S0077,1.003600
BOM-P0084,P0084,S0091,3.368700
BOM-P0084,P0084,S0244,3.511600
BOM-P0084,P0084,S0273,1.760900
BOM-P0084,P0084,S0308,2.225900
BOM-P0084,P0084,S0311,3.035700
BOM-P0084,P0084,S0315,1.849800
BOM-P0084,P0084,S0402,1.464300
BOM-P0084,P0084,S0424,2.510000
BOM-P0084,P0084,S0450,2.125100
BOM-P0084,P0084,S0462,2.276500
BOM-P0085,P0085,S0105,3.134800
BOM-P0085,P0085,S0142,2.194400
BOM-P0085,P0085,S0188,2.451300
BOM-P0085,P0085,S0204,1.485400
BOM-P0085,P0085,S0212,3.837100
BOM-P0085,P0085,S0248,2.845600
BOM-P0085,P0085,S0283,2.920900
BOM-P0085,P0085,S0286,2.531600
BOM-P0085,P0085,S0290,1.536200
BOM-P0085,P0085,S0314,2.733000
BOM-P0085,P0085,S0349,2.339800
BOM-P0085,P0085,S0387,3.053700
BOM-P0085,P0085,S0402,1.584200
BOM-P0086,P0086,S0001,1.205900
BOM-P0086,P0086,S0045,2.364300
BOM-P0086,P0086,S0081,1.678900
BOM-P0086,P0086,S0123,2.185400
BOM-P0086,P0086,S0142,3.439400
BOM-P0086,P0086,S0181,3.272400
BOM-P0086,P0086,S0205,2.689500
BOM-P0086,P0086,S0336,2.553200
BOM-P0086,P0086,S0343,2.376500
BOM-P0086,P0086,S0400,3.082600
BOM-P0086,P0086,S0500,2.042400
BOM-P0087,P0087,S0035,3.400500
BOM-P0087,P0087,S0113,1.704600
BOM-P0087,P0087,S0118,1.126800
BOM-P0087,P0087,S0196,1.744800
BOM-P0087,P0087,S0325,2.663700
BOM-P0087,P0087,S0347,1.359600
BOM-P0087,P0087,S0360,3.292700
BOM-P0087,P0087,S0404,1.570500
BOM-P0088,P0088,S0028,1.900100
BOM-P0088,P0088,S0066,3.161700
BOM-P0088,P0088,S0094,1.779100
BOM-P0088,P0088,S0114,1.588200
BOM-P0088,P0088,S0141,1.947000
BOM-P0088,P0088,S0144,3.162400
BOM-P0088,P0088,S0204,2.666000
BOM-P0088,P0088,S0217,1.288900
BOM-P0088,P0088,S0245,1.779300
BOM-P0088,P0088,S0252,1.976300
BOM-P0088,P0088,S0262,1.838900
BOM-P0088,P0088,S0270,2.703500
BOM-P0088,P0088,S0296,3.548200
BOM-P0088,P0088,S0385,3.215600
BOM-P0088,P0088,S0392,1.711400
BOM-P0088,P0088,S0410,1.762900
BOM-P0088,P0088,S0445,3.819000
BOM-P0088,P0088,S0469,2.271800
BOM-P0090,P0090,S0063,1.853800
BOM-P0090,P0090,S0090,2.419600
BOM-P0090,P0090,S0102,3.342900
BOM-P0090,P0090,S0180,3.668900
BOM-P0090,P0090,S0276,3.102100
BOM-P0090,P0090,S0295,2.350900
BOM-P0090,P0090,S0296,3.243700
BOM-P0090,P0090,S0311,1.237300
BOM-P0090,P0090,S0333,2.986100
BOM-P0090,P0090,S0348,2.265400
BOM-P0090,P0090,S0400,1.249800
BOM-P0090,P0090,S0445,2.921700
BOM-P0090,P0090,S0494,2.214300
BOM-P0091,P0091,S0015,2.772500
BOM-P0091,P0091,S0088,1.817200
BOM-P0091,P0091,S0270,1.105500
BOM-P0091,P0091,S0430,3.924900
BOM-P0092,P0092,S0046,1.547200
BOM-P0092,P0092,S0080,1.100500
BOM-P0092,P0092,S0117,3.081800
BOM-P0092,P0092,S0134,1.214200
BOM-P0092,P0092,S0158,1.557800
BOM-P0092,P0092,S0159,3.063300
BOM-P0092,P0092,S0178,1.489800
BOM-P0092,P0092,S0188,3.530600
BOM-P0092,P0092,S0212,1.168100
BOM-P0092,P0092,S0227,3.101400
BOM-P0092,P0092,S0247,2.169200
BOM-P0092,P0092,S0274,1.860300
BOM-P0092,P0092,S0277,3.399900
BOM-P0092,P0092,S0328,1.910700
BOM-P0092,P0092,S0413,2.238700
BOM-P0092,P0092,S0466,2.291300
BOM-P0093,P0093,S0160,3.919800
BOM-P0093,P0093,S0200,1.126600
BOM-P0093,P0093,S0243,1.969200
BOM-P0093,P0093,S0349,2.562800
BOM-P0093,P0093,S0480,2.743200
BOM-P0093,P0093,S0493,1.156300
BOM-P0094,P0094,S0031,1.606200
BOM-P0094,P0094,S0046,3.199600
BOM-P0094,P0094,S0047,2.362200
BOM-P0094,P0094,S0079,3.466100
BOM-P0094,P0094,S0080,3.104000
BOM-P0094,P0094,S0081,2.630900
BOM-P0094,P0094,S0128,2.455900
BOM-P0094,P0094,S0174,2.092200
BOM-P0094,P0094,S0183,3.669300
BOM-P0094,P0094,S0191,1.377500
BOM-P0094,P0094,S0256,2.663600
BOM-P0094,P0094,S0317,3.648800
BOM-P0094,P0094,S0321,1.389300
BOM-P0094,P0094,S0331,3.230400
BOM-P0094,P0094,S0352,2.517900
BOM-P0094,P0094,S0389,2.229400
BOM-P0094,P0094,S0395,2.042000
BOM-P0094,P0094,S0477,1.962100
BOM-P0094,P0094,S0497,2.572200
BOM-P0095,P0095,S0422,2.850800
BOM-P0096,P0096,S0156,2.595000
BOM-P0096,P0096,S0428,1.233800
BOM-P0097,P0097,S0055,3.707500
BOM-P0097,P0097,S0213,2.281200
BOM-P0097,P0097,S0286,3.298900
BOM-P0097,P0097,S0383,2.012500
BOM-P0097,P0097,S0384,3.023500
BOM-P0098,P0098,S0166,2.712000
BOM-P0098,P0098,S0191,2.125200
BOM-P0098,P0098,S0212,3.233700
BOM-P0098,P0098,S0221,1.905500
BOM-P0098,P0098,S0312,1.282900
BOM-P0098,P0098,S0325,2.552800
BOM-P0098,P0098,S0372,3.757300
BOM-P0098,P0098,S0392,3.948900
BOM-P0098,P0098,S0423,3.830000
BOM-P0098,P0098,S0433,1.722200
BOM-P0099,P0099,S0048,3.068800
BOM-P0099,P0099,S0132,3.753600
BOM-P0099,P0099,S0154,1.518700
BOM-P0099,P0099,S0205,1.901200
BOM-P0099,P0099,S0292,2.728900
BOM-P0099,P0099,S0293,3.723000
BOM-P0099,P0099,S0416,3.170700
BOM-P0100,P0100,S0006,1.571500
BOM-P0100,P0100,S0062,1.980500
BOM-P0100,P0100,S0117,3.258500
BOM-P0100,P0100,S0214,2.901700
BOM-P0100,P0100,S0309,3.286100
BOM-P0100,P0100,S0335,1.247600
BOM-P0100,P0100,S0383,1.270200
BOM-P0100,P0100,S0395,3.992100
BOM-P0100,P0100,S0435,1.147900
BOM-P0100,P0100,S0445,1.957900
BOM-P0100,P0100,S0446,1.459600
BOM-P0100,P0100,S0476,1.726900
BOM-P0100,P0100,S0477,1.162400
BOM-S0001,S0001,S0087,4.538200
BOM-S0001,S0001,S0426,3.236500
BOM-S0002,S0002,S0360,4.020900
BOM-S0003,S0003,M0829,4.184000
BOM-S0004,S0004,M0448,2.579000
BOM-S0006,S0006,M0789,2.219300
BOM-S0006,S0006,S0345,3.599500
BOM-S0007,S0007,S0403,2.180600
BOM-S0008,S0008,S0407,1.972400
BOM-S0008,S0008,S0413,2.993600
BOM-S0009,S0009,S0078,1.963900
BOM-S0009,S0009,S0247,1.855900
BOM-S0010,S0010,M0230,3.600600
BOM-S0013,S0013,M0105,1.371000
BOM-S0014,S0014,M0158,1.684800
BOM-S0014,S0014,M0796,4.765600
BOM-S0015,S0015,M0899,3.255900
BOM-S0015,S0015,S0221,3.293600
BOM-S0015,S0015,S0335,2.638000
BOM-S0017,S0017,S0289,3.155900
BOM-S0021,S0021,S0385,3.200500
BOM-S0023,S0023,M0664,1.437500
BOM-S0024,S0024,M0664,1.596000
BOM-S0024,S0024,S0295,3.676100
BOM-S0027,S0027,M0087,2.238300
BOM-S0027,S0027,S0105,1.544400
BOM-S0028,S0028,M0949,2.526300
BOM-S0031,S0031,S0293,3.247300
BOM-S0031,S0031,S0294,3.567000
BOM-S0033,S0033,M0115,2.174000
BOM-S0033,S0033,S0143,2.044600
BOM-S0034,S0034,M0025,2.836900
BOM-S0034,S0034,S0187,2.235500
BOM-S0035,S0035,M0394,2.850800
BOM-S0035,S0035,S0276,1.038900
BOM-S0036,S0036,M0410,3.718100
BOM-S0036,S0036,M0603,2.295100
BOM-S0036,S0036,S0042,4.421300
BOM-S0038,S0038,S0485,2.573000
BOM-S0039,S0039,M0968,1.453500
BOM-S0040,S0040,S0120,4.589100
BOM-S0041,S0041,M0550,2.307000
BOM-S0044,S0044,M0450,4.461200
BOM-S0045,S0045,M0245,1.231600
BOM-S0045,S0045,S0091,2.628500
BOM-S0045,S0045,S0163,2.604700
BOM-S0046,S0046,M0633,2.811100
BOM-S0046,S0046,S0372,1.538900
BOM-S0047,S0047,M0875,2.659800
BOM-S0047,S0047,S0295,2.732600
BOM-S0049,S0049,S0207,4.609800
BOM-S0049,S0049,S0438,2.571600
BOM-S0050,S0050,M0803,3.223100
BOM-S0050,S0050,S0118,3.077800
BOM-S0050,S0050,S0427,3.534600
BOM-S0052,S0052,S0072,3.806000
BOM-S0052,S0052,S0176,1.737500
BOM-S0053,S0053,M0486,3.807500
BOM-S0053,S0053,M0664,1.285600
BOM-S0054,S0054,M0280,1.497900
BOM-S0054,S0054,M0567,4.499100
BOM-S0056,S0056,M0261,1.177500
BOM-S0056,S0056,S0395,1.357800
BOM-S0058,S0058,S0334,3.805300
BOM-S0059,S0059,S0357,1.565400
BOM-S0060,S0060,M0002,3.630600
BOM-S0060,S0060,S0185,3.445400
BOM-S0063,S0063,M0794,3.946100
BOM-S0065,S0065,M0477,3.797900
BOM-S0065,S0065,M0591,3.510100
BOM-S0065,S0065,S0302,2.196600
BOM-S0065,S0065,S0354,3.375200
BOM-S0067,S0067,M0565,3.822700
BOM-S0067,S0067,S0246,2.533300
BOM-S0068,S0068,M0307,4.727000
BOM-S0068,S0068,M0845,3.494400
BOM-S0069,S0069,M0934,2.410200
BOM-S0070,S0070,M0430,3.459700
BOM-S0072,S0072,M0536,3.068900
BOM-S0072,S0072,M0593,3.177400
BOM-S0072,S0072,S0036,1.183300
BOM-S0072,S0072,S0087,2.738700
BOM-S0073,S0073,M0406,3.344100
BOM-S0073,S0073,M0717,2.610000
BOM-S0074,S0074,M0932,3.017400
BOM-S0075,S0075,M0185,1.679900
BOM-S0075,S0075,S0347,2.915300
BOM-S0076,S0076,M0602,3.090200
BOM-S0076,S0076,M0829,2.326200
BOM-S0078,S0078,M0583,2.683500
BOM-S0078,S0078,M0627,4.682100
BOM-S0079,S0079,S0280,2.863700
BOM-S0080,S0080,M0534,3.664000
BOM-S0081,S0081,S0159,2.458600
BOM-S0081,S0081,S0446,4.325400
BOM-S0082,S0082,S0036,4.867600
BOM-S0084,S0084,S0129,1.027300
BOM-S0085,S0085,S0044,1.992700
BOM-S0085,S0085,S0344,1.827100
BOM-S0086,S0086,S0103,3.436000
BOM-S0087,S0087,M0913,3.154500
BOM-S0087,S0087,S0040,2.444500
BOM-S0087,S0087,S0283,2.501400
BOM-S0088,S0088,M0715,3.157200
BOM-S0090,S0090,M0537,4.060000
BOM-S0091,S0091,M0760,4.631400
BOM-S0091,S0091,S0109,4.044800
BOM-S0091,S0091,S0125,4.618000
BOM-S0091,S0091,S0153,2.359900
BOM-S0092,S0092,M0602,1.576800
BOM-S0092,S0092,S0162,2.626100
BOM-S0093,S0093,M0558,2.696500
BOM-S0093,S0093,S0168,1.687500
BOM-S0093,S0093,S0187,3.490500
BOM-S0094,S0094,S0356,1.271200
BOM-S0096,S0096,S0117,4.348300
BOM-S0097,S0097,M0750,4.794800
BOM-S0099,S0099,M0810,2.180100
BOM-S0100,S0100,M0680,2.327500
BOM-S0101,S0101,S0205,4.874900
BOM-S0103,S0103,S0332,2.922400
BOM-S0103,S0103,S0495,1.301200
BOM-S0105,S0105,S0409,2.408700
BOM-S0106,S0106,M0276,3.511300
BOM-S0106,S0106,M0404,3.148600
BOM-S0106,S0106,S0090,1.439700
BOM-S0106,S0106,S0435,1.462000
BOM-S0108,S0108,M0271,3.021600
BOM-S0108,S0108,S0408,2.007600
BOM-S0109,S0109,M0285,4.008000
BOM-S0109,S0109,M0502,4.140800
BOM-S0111,S0111,M0661,1.336200
BOM-S0112,S0112,M0700,4.721000
BOM-S0112,S0112,M0882,1.438600
BOM-S0113,S0113,M0559,2.179900
BOM-S0113,S0113,S0119,1.811100
BOM-S0114,S0114,S0214,2.827200
BOM-S0114,S0114,S0284,2.645400
BOM-S0115,S0115,M0353,1.513300
BOM-S0115,S0115,M0850,3.514600
BOM-S0115,S0115,S0403,2.215600
BOM-S0116,S0116,S0487,4.627600
BOM-S0117,S0117,M0545,4.235200
BOM-S0118,S0118,M0505,4.592500
BOM-S0118,S0118,S0179,4.268400
BOM-S0119,S0119,M0160,4.115800
BOM-S0120,S0120,S0171,4.671600
BOM-S0120,S0120,S0193,1.943100
BOM-S0122,S0122,S0096,2.783100
BOM-S0122,S0122,S0480,3.837300
BOM-S0123,S0123,S0471,4.319000
BOM-S0124,S0124,M0443,1.743000
BOM-S0124,S0124,M0866,1.694800
BOM-S0124,S0124,S0459,2.034600
BOM-S0125,S0125,M0618,1.158200
BOM-S0126,S0126,S0067,3.548500
BOM-S0128,S0128,M0138,2.370900
BOM-S0128,S0128,M0877,3.201300
BOM-S0128,S0128,S0358,2.960400
BOM-S0129,S0129,S0139,4.816100
BOM-S0129,S0129,S0477,2.451900
BOM-S0130,S0130,S0200,3.946900
BOM-S0132,S0132,M0624,3.111100
BOM-S0133,S0133,S0198,3.619200
BOM-S0134,S0134,S0165,3.388500
BOM-S0134,S0134,S0432,2.000300
BOM-S0136,S0136,M0312,4.305500
BOM-S0137,S0137,M0044,2.744900
BOM-S0137,S0137,M0368,4.655900
BOM-S0137,S0137,S0472,2.841200
BOM-S0138,S0138,M0046,4.434800
BOM-S0139,S0139,M0012,2.046200
BOM-S0139,S0139,M0244,2.679300
BOM-S0140,S0140,M0900,2.902800
BOM-S0141,S0141,M0389,3.324000
BOM-S0141,S0141,S0226,3.096300
BOM-S0141,S0141,S0407,3.500200
BOM-S0142,S0142,M0122,3.991300
BOM-S0142,S0142,S0026,4.672100
BOM-S0143,S0143,S0060,4.880700
BOM-S0144,S0144,M0300,2.157300
BOM-S0144,S0144,M0715,2.690500
BOM-S0145,S0145,M0503,1.410400
BOM-S0146,S0146,M0989,1.857300
BOM-S0146,S0146,S0197,3.011600
BOM-S0147,S0147,M0896,3.157200
BOM-S0148,S0148,M0785,2.981300
BOM-S0149,S0149,M0896,1.157800
BOM-S0151,S0151,M0544,2.899400
BOM-S0152,S0152,S0356,4.084400
BOM-S0153,S0153,M0264,4.504500
BOM-S0154,S0154,S0431,1.304100
BOM-S0155,S0155,M0440,2.221500
BOM-S0155,S0155,S0220,2.250100
BOM-S0156,S0156,M0255,3.280100
BOM-S0156,S0156,M0852,3.771300
BOM-S0156,S0156,M0858,2.373800
BOM-S0158,S0158,S0368,2.753700
BOM-S0159,S0159,M0307,1.036500
BOM-S0159,S0159,M0839,3.581800
BOM-S0160,S0160,S0008,1.669400
BOM-S0161,S0161,M0279,4.342800
BOM-S0161,S0161,M0968,4.272000
BOM-S0161,S0161,S0261,3.526500
BOM-S0163,S0163,M0581,4.505500
BOM-S0163,S0163,S0411,4.383000
BOM-S0164,S0164,M0386,4.396000
BOM-S0164,S0164,S0318,3.434600
BOM-S0165,S0165,M0288,1.234400
BOM-S0165,S0165,M0368,2.233700
BOM-S0167,S0167,S0075,1.976800
BOM-S0167,S0167,S0492,1.692700
BOM-S0168,S0168,M0437,1.666600
BOM-S0168,S0168,S0067,2.520800
BOM-S0170,S0170,M0220,3.156900
BOM-S0170,S0170,S0059,2.049400
BOM-S0171,S0171,M0544,3.039800
BOM-S0171,S0171,M0719,4.582000
BOM-S0171,S0171,S0359,1.955200
BOM-S0171,S0171,S0370,1.709800
BOM-S0171,S0171,S0423,1.721800
BOM-S0172,S0172,S0397,3.718200
BOM-S0173,S0173,S0078,2.651800
BOM-S0174,S0174,M0506,2.855800
BOM-S0176,S0176,M0490,1.456300
BOM-S0179,S0179,S0302,3.319700
BOM-S0180,S0180,M0522,1.754600
BOM-S0180,S0180,S0325,4.826400
BOM-S0181,S0181,S0066,4.922900
BOM-S0182,S0182,M0869,1.322500
BOM-S0182,S0182,S0455,1.594500
BOM-S0183,S0183,M0063,2.443700
BOM-S0183,S0183,S0216,1.797800
BOM-S0184,S0184,M0483,4.469200
BOM-S0185,S0185,M0460,1.691500
BOM-S0185,S0185,M0680,3.588800
BOM-S0185,S0185,S0186,4.045400
BOM-S0186,S0186,S0223,2.795400
BOM-S0187,S0187,M0503,1.800700
BOM-S0187,S0187,M0738,4.600200
BOM-S0187,S0187,S0027,1.814200
BOM-S0189,S0189,M0169,2.312500
BOM-S0189,S0189,M0558,3.029300
BOM-S0189,S0189,S0351,4.049000
BOM-S0190,S0190,M0708,4.615700
BOM-S0190,S0190,S0207,3.455900
BOM-S0191,S0191,M0808,3.578600
BOM-S0192,S0192,M0709,4.550200
BOM-S0195,S0195,M0046,3.252900
BOM-S0196,S0196,M0347,3.493000
BOM-S0196,S0196,M0606,4.518900
BOM-S0196,S0196,M0841,2.368000
BOM-S0196,S0196,M0892,3.501200
BOM-S0197,S0197,M0924,1.638800
BOM-S0197,S0197,S0103,4.205000
BOM-S0197,S0197,S0184,3.299200
BOM-S0198,S0198,M0737,2.053600
BOM-S0198,S0198,S0347,4.437400
BOM-S0199,S0199,S0190,1.369900
BOM-S0200,S0200,S0010,3.996100
BOM-S0200,S0200,S0400,1.338800
BOM-S0202,S0202,M0233,3.214400
BOM-S0203,S0203,M0225,3.546500
BOM-S0203,S0203,M0754,3.097000
BOM-S0203,S0203,S0231,4.962800
BOM-S0204,S0204,S0174,4.203400
BOM-S0204,S0204,S0266,4.468800
BOM-S0205,S0205,M0503,4.871100
BOM-S0207,S0207,S0201,2.060800
BOM-S0208,S0208,M0721,2.785100
BOM-S0210,S0210,S0171,3.207700
BOM-S0210,S0210,S0277,2.572200
BOM-S0211,S0211,M0834,4.042000
BOM-S0211,S0211,M0972,4.157200
BOM-S0212,S0212,S0324,1.925700
BOM-S0212,S0212,S0493,2.588400
BOM-S0213,S0213,M0564,2.606200
BOM-S0214,S0214,S0416,2.232700
BOM-S0215,S0215,S0298,1.102700
BOM-S0215,S0215,S0451,2.860400
BOM-S0216,S0216,M0689,4.273500
BOM-S0217,S0217,M0692,4.447300
BOM-S0217,S0217,M0958,4.576900
BOM-S0218,S0218,S0113,1.545500
BOM-S0218,S0218,S0389,3.049400
BOM-S0219,S0219,M0148,4.223100
BOM-S0219,S0219,S0351,2.741600
BOM-S0219,S0219,S0455,4.187600
BOM-S0220,S0220,M0704,4.691900
BOM-S0220,S0220,S0284,1.435300
BOM-S0221,S0221,S0246,3.011400
BOM-S0221,S0221,S0440,2.259600
BOM-S0223,S0223,M0314,3.773800
BOM-S0225,S0225,S0023,4.240700
BOM-S0225,S0225,S0351,1.998100
BOM-S0226,S0226,M0028,4.391600
BOM-S0226,S0226,M0404,2.492800
BOM-S0226,S0226,S0427,2.148300
BOM-S0227,S0227,M0668,1.753000
BOM-S0227,S0227,S0041,3.045200
BOM-S0227,S0227,S0078,1.198500
BOM-S0231,S0231,S0197,4.456700
BOM-S0231,S0231,S0262,4.694000
BOM-S0234,S0234,M0521,3.985200
BOM-S0235,S0235,M0567,3.530300
BOM-S0235,S0235,S0231,3.477600
BOM-S0235,S0235,S0404,2.571700
BOM-S0238,S0238,S0186,1.397400
BOM-S0238,S0238,S0244,3.077300
BOM-S0240,S0240,S0294,2.666300
BOM-S0241,S0241,M0512,3.387000
BOM-S0244,S0244,M0144,2.311900
BOM-S0244,S0244,M0150,2.161800
BOM-S0244,S0244,S0257,4.381300
BOM-S0245,S0245,M0830,2.030900
BOM-S0246,S0246,M0053,4.873600
BOM-S0246,S0246,M0986,3.965900
BOM-S0246,S0246,S0193,4.800300
BOM-S0247,S0247,S0217,3.501300
BOM-S0248,S0248,M0412,3.000300
BOM-S0248,S0248,S0403,1.827500
BOM-S0254,S0254,M0147,1.928800
BOM-S0254,S0254,S0492,3.783600
BOM-S0256,S0256,S0152,4.277700
BOM-S0258,S0258,S0197,4.413300
BOM-S0258,S0258,S0268,2.079900
BOM-S0261,S0261,M0739,3.723000
BOM-S0262,S0262,S0296,3.744000
BOM-S0263,S0263,S0367,2.780400
BOM-S0264,S0264,M0551,3.132800
BOM-S0265,S0265,S0095,1.745500
BOM-S0266,S0266,S0283,1.000700
BOM-S0267,S0267,M0424,2.355700
BOM-S0268,S0268,M0250,4.001900
BOM-S0270,S0270,M0062,1.861900
BOM-S0270,S0270,M0885,2.904600
BOM-S0271,S0271,S0490,4.114500
BOM-S0273,S0273,S0492,1.986100
BOM-S0274,S0274,M0161,1.959500
BOM-S0274,S0274,M0860,3.858800
BOM-S0275,S0275,S0128,4.497900
BOM-S0276,S0276,M0339,2.407200
BOM-S0276,S0276,M0926,3.903700
BOM-S0276,S0276,S0053,1.382200
BOM-S0277,S0277,M0466,2.474300
BOM-S0277,S0277,M0855,1.013900
BOM-S0277,S0277,S0079,3.825700
BOM-S0279,S0279,S0411,4.243100
BOM-S0280,S0280,M0399,4.619400
BOM-S0280,S0280,S0136,1.520300
BOM-S0281,S0281,M0339,1.938000
BOM-S0283,S0283,M0634,3.550200
BOM-S0283,S0283,S0003,3.818900
BOM-S0283,S0283,S0260,2.613500
BOM-S0283,S0283,S0338,4.723000
BOM-S0284,S0284,M0549,4.909900
BOM-S0285,S0285,M0193,2.766900
BOM-S0286,S0286,S0326,4.887200
BOM-S0288,S0288,S0231,1.991700
BOM-S0288,S0288,S0242,1.402200
BOM-S0289,S0289,M0389,4.583000
BOM-S0289,S0289,M0803,4.970300
BOM-S0291,S0291,M0303,4.192200
BOM-S0291,S0291,S0036,4.911900
BOM-S0291,S0291,S0362,4.668900
BOM-S0292,S0292,S0396,2.337600
BOM-S0293,S0293,M0087,3.323100
BOM-S0293,S0293,S0199,3.017000
BOM-S0294,S0294,S0322,3.805300
BOM-S0295,S0295,M0129,3.911100
BOM-S0295,S0295,S0263,1.300200
BOM-S0296,S0296,M0914,4.951200
BOM-S0298,S0298,M0982,2.501200
BOM-S0298,S0298,S0043,2.487400
BOM-S0300,S0300,M0125,1.115500
BOM-S0300,S0300,S0454,4.371400
BOM-S0302,S0302,M0429,4.918000
BOM-S0305,S0305,M0805,2.144400
BOM-S0305,S0305,S0389,1.700800
BOM-S0308,S0308,M0236,2.512800
BOM-S0308,S0308,M0809,1.028500
BOM-S0308,S0308,S0033,2.345100
BOM-S0309,S0309,S0203,3.609000
BOM-S0311,S0311,S0013,1.184900
BOM-S0311,S0311,S0336,2.165400
BOM-S0311,S0311,S0449,1.173800
BOM-S0312,S0312,S0136,2.468300
BOM-S0313,S0313,M0398,2.814600
BOM-S0313,S0313,M0672,2.965600
BOM-S0314,S0314,S0500,1.759900
BOM-S0315,S0315,S0299,2.955300
BOM-S0315,S0315,S0378,4.320300
BOM-S0316,S0316,S0412,3.269200
BOM-S0316,S0316,S0487,1.764200
BOM-S0316,S0316,S0497,3.622400
BOM-S0317,S0317,S0197,4.855300
BOM-S0317,S0317,S0461,1.656600
BOM-S0321,S0321,M0391,4.143200
BOM-S0322,S0322,S0222,4.843200
BOM-S0322,S0322,S0313,3.871400
BOM-S0322,S0322,S0328,3.375700
BOM-S0322,S0322,S0419,3.172100
BOM-S0323,S0323,M0548,1.023600
BOM-S0325,S0325,M0947,3.033300
BOM-S0325,S0325,S0112,4.577300
BOM-S0326,S0326,M0386,2.679300
BOM-S0326,S0326,S0209,1.372800
BOM-S0326,S0326,S0477,3.401000
BOM-S0327,S0327,M0512,3.071000
BOM-S0327,S0327,S0013,3.478200
BOM-S0328,S0328,M0869,1.545200
BOM-S0328,S0328,M0895,4.149500
BOM-S0329,S0329,M0458,3.391100
BOM-S0330,S0330,M0832,1.520500
BOM-S0332,S0332,M0159,4.541700
BOM-S0332,S0332,M0729,4.383600
BOM-S0332,S0332,M0990,4.373100
BOM-S0333,S0333,M0360,4.853000
BOM-S0334,S0334,M0790,3.138900
BOM-S0334,S0334,S0144,4.237700
BOM-S0334,S0334,S0167,4.184600
BOM-S0334,S0334,S0250,1.848500
BOM-S0335,S0335,M0786,3.728800
BOM-S0336,S0336,M0278,4.550800
BOM-S0336,S0336,M0475,4.404900
BOM-S0336,S0336,S0379,2.136700
BOM-S0337,S0337,S0066,3.963700
BOM-S0337,S0337,S0218,2.942600
BOM-S0337,S0337,S0368,4.104800
BOM-S0338,S0338,M0451,1.662400
BOM-S0338,S0338,S0497,1.233900
BOM-S0339,S0339,S0106,1.683300
BOM-S0343,S0343,M0029,2.927900
BOM-S0343,S0343,M0081,2.836400
BOM-S0345,S0345,M0124,1.991600
BOM-S0345,S0345,M0949,4.203300
BOM-S0345,S0345,S0391,1.882100
BOM-S0347,S0347,M0382,4.259900
BOM-S0347,S0347,M0505,3.455300
BOM-S0347,S0347,S0370,4.549800
BOM-S0347,S0347,S0429,2.643600
BOM-S0348,S0348,M0145,4.667000
BOM-S0348,S0348,S0193,1.735500
BOM-S0349,S0349,M0204,2.441700
BOM-S0349,S0349,M0603,1.880900
BOM-S0350,S0350,M0047,1.882100
BOM-S0351,S0351,M0434,2.461100
BOM-S0351,S0351,M0449,2.525700
BOM-S0351,S0351,M0857,2.838300
BOM-S0351,S0351,M0906,4.498900
BOM-S0351,S0351,S0288,1.424700
BOM-S0352,S0352,M0085,3.562100
BOM-S0352,S0352,M0750,1.525600
BOM-S0352,S0352,S0220,4.380600
BOM-S0353,S0353,S0069,4.529800
BOM-S0353,S0353,S0424,1.217100
BOM-S0354,S0354,S0364,2.130900
BOM-S0354,S0354,S0384,4.955400
BOM-S0356,S0356,M0217,3.936300
BOM-S0356,S0356,S0001,1.192600
BOM-S0357,S0357,M0589,2.534800
BOM-S0359,S0359,M0421,1.174600
BOM-S0359,S0359,S0050,4.037300
BOM-S0359,S0359,S0063,4.796000
BOM-S0360,S0360,M0447,3.424800
BOM-S0360,S0360,S0050,1.004300
BOM-S0360,S0360,S0224,3.355500
BOM-S0360,S0360,S0316,4.339000
BOM-S0361,S0361,M0957,4.181600
BOM-S0362,S0362,S0434,2.761200
BOM-S0363,S0363,S0170,1.283400
BOM-S0363,S0363,S0361,2.956000
BOM-S0365,S0365,M0093,2.587100
BOM-S0365,S0365,S0182,1.858900
BOM-S0365,S0365,S0185,1.426200
BOM-S0365,S0365,S0337,4.506000
BOM-S0366,S0366,S0277,1.322300
BOM-S0367,S0367,M0866,4.946300
BOM-S0368,S0368,S0008,2.974300
BOM-S0368,S0368,S0023,4.164400
BOM-S0370,S0370,M0633,1.273700
BOM-S0370,S0370,M0781,3.760700
BOM-S0372,S0372,S0095,3.082400
BOM-S0373,S0373,M0068,1.504800
BOM-S0373,S0373,M0943,2.074300
BOM-S0374,S0374,M0245,2.062500
BOM-S0374,S0374,M0412,2.755900
BOM-S0375,S0375,M0477,2.227200
BOM-S0375,S0375,S0492,2.621800
BOM-S0376,S0376,M0476,4.923300
BOM-S0376,S0376,S0473,1.600300
BOM-S0377,S0377,S0334,1.770000
BOM-S0378,S0378,M0167,2.480700
BOM-S0379,S0379,M0159,1.159800
BOM-S0379,S0379,M0495,4.209100
BOM-S0379,S0379,S0246,1.682000
BOM-S0382,S0382,S0439,1.603100
BOM-S0383,S0383,M0152,1.528800
BOM-S0383,S0383,M0454,4.734100
BOM-S0384,S0384,M0935,2.883300
BOM-S0384,S0384,S0081,3.847200
BOM-S0385,S0385,S0216,2.998400
BOM-S0385,S0385,S0325,3.818500
BOM-S0385,S0385,S0327,2.109200
BOM-S0385,S0385,S0409,1.559200
BOM-S0386,S0386,M0280,2.797300
BOM-S0386,S0386,S0445,2.846800
BOM-S0387,S0387,S0326,1.021200
BOM-S0388,S0388,M0532,2.066900
BOM-S0388,S0388,S0024,1.159600
BOM-S0389,S0389,S0338,1.266700
BOM-S0389,S0389,S0350,3.713900
BOM-S0391,S0391,S0148,1.672800
BOM-S0391,S0391,S0171,4.116500
BOM-S0392,S0392,M0375,1.735700
BOM-S0392,S0392,M0830,3.400100
BOM-S0392,S0392,S0304,1.436200
BOM-S0394,S0394,S0080,2.102600
BOM-S0395,S0395,M0244,2.387200
BOM-S0395,S0395,M0254,3.950500
BOM-S0397,S0397,M0047,3.803500
BOM-S0397,S0397,S0196,4.093800
BOM-S0397,S0397,S0370,1.770300
BOM-S0398,S0398,M0564,2.432300
BOM-S0399,S0399,M0034,3.420400
BOM-S0400,S0400,S0336,4.726400
BOM-S0402,S0402,S0275,2.794500
BOM-S0403,S0403,M0571,2.463100
BOM-S0403,S0403,M0635,2.340800
BOM-S0403,S0403,M0808,4.602100
BOM-S0403,S0403,S0225,3.888000
BOM-S0403,S0403,S0459,4.994900
BOM-S0404,S0404,M0607,4.989100
BOM-S0404,S0404,S0091,2.253700
BOM-S0404,S0404,S0451,4.881600
BOM-S0405,S0405,M0282,1.500700
BOM-S0406,S0406,S0346,4.343800
BOM-S0406,S0406,S0399,3.580700
BOM-S0407,S0407,M0491,3.102800
BOM-S0408,S0408,M0933,2.034600
BOM-S0408,S0408,S0244,1.224500
BOM-S0409,S0409,M0189,4.667600
BOM-S0409,S0409,M0228,1.522900
BOM-S0411,S0411,S0392,1.961200
BOM-S0411,S0411,S0490,1.418900
BOM-S0412,S0412,M0563,2.845100
BOM-S0412,S0412,S0136,4.409900
BOM-S0413,S0413,M0033,2.321000
BOM-S0414,S0414,M0096,2.176900
BOM-S0415,S0415,M0655,4.588200
BOM-S0415,S0415,M0711,4.558400
BOM-S0415,S0415,S0025,1.953800
BOM-S0416,S0416,S0002,3.983200
BOM-S0417,S0417,M0788,1.372400
BOM-S0417,S0417,S0428,1.615900
BOM-S0419,S0419,M0196,2.144400
BOM-S0421,S0421,M0894,1.402000
BOM-S0422,S0422,S0281,2.985400
BOM-S0423,S0423,S0168,3.643700
BOM-S0424,S0424,S0067,4.607900
BOM-S0424,S0424,S0287,4.069700
BOM-S0425,S0425,M0539,1.454600
BOM-S0425,S0425,S0167,4.992500
BOM-S0425,S0425,S0486,1.844900
BOM-S0426,S0426,S0190,1.275800
BOM-S0427,S0427,M0703,1.214400
BOM-S0428,S0428,M0104,3.900700
BOM-S0428,S0428,M0766,3.873400
BOM-S0428,S0428,M0989,4.180100
BOM-S0428,S0428,S0302,3.330700
BOM-S0428,S0428,S0315,2.411300
BOM-S0428,S0428,S0365,4.135600
BOM-S0429,S0429,M0749,4.261000
BOM-S0429,S0429,S0305,1.644500
BOM-S0429,S0429,S0309,1.429200
BOM-S0430,S0430,S0169,1.920100
BOM-S0431,S0431,M0488,2.195400
BOM-S0432,S0432,S0395,3.858700
BOM-S0433,S0433,S0347,3.878300
BOM-S0434,S0434,M0218,1.618900
BOM-S0435,S0435,S0048,3.387700
BOM-S0435,S0435,S0257,2.738000
BOM-S0436,S0436,S0456,2.645100
BOM-S0438,S0438,M0734,2.351700
BOM-S0441,S0441,M0622,2.692600
BOM-S0441,S0441,M0716,3.072800
BOM-S0441,S0441,S0144,3.387400
BOM-S0441,S0441,S0366,2.142900
BOM-S0442,S0442,M0109,1.042200
BOM-S0443,S0443,M0579,3.091100
BOM-S0444,S0444,M0874,3.618900
BOM-S0445,S0445,S0109,2.818800
BOM-S0445,S0445,S0197,1.357300
BOM-S0445,S0445,S0441,3.745400
BOM-S0448,S0448,M0458,2.264200
BOM-S0448,S0448,M0916,3.295600
BOM-S0449,S0449,S0327,4.761200
BOM-S0450,S0450,M0419,2.449100
BOM-S0450,S0450,S0051,1.789700
BOM-S0450,S0450,S0146,2.351000
BOM-S0450,S0450,S0334,4.168500
BOM-S0451,S0451,M0272,1.153000
BOM-S0451,S0451,M0336,1.345500
BOM-S0452,S0452,M0835,1.701400
BOM-S0452,S0452,M0986,4.489200
BOM-S0452,S0452,S0108,3.870400
BOM-S0455,S0455,M0061,4.926300
BOM-S0456,S0456,S0161,1.049400
BOM-S0457,S0457,S0212,3.410100
BOM-S0457,S0457,S0475,3.560000
BOM-S0459,S0459,M0375,2.570000
BOM-S0460,S0460,S0072,2.075700
BOM-S0460,S0460,S0312,1.220100
BOM-S0461,S0461,M0739,2.636800
BOM-S0462,S0462,M0932,4.436200
BOM-S0465,S0465,S0165,4.102100
BOM-S0466,S0466,M0302,2.814900
BOM-S0466,S0466,S0004,3.192800
BOM-S0467,S0467,M0873,2.394800
BOM-S0469,S0469,M0319,2.121400
BOM-S0469,S0469,M0374,4.417300
BOM-S0469,S0469,M0501,4.866000
BOM-S0469,S0469,S0210,1.095600
BOM-S0469,S0469,S0486,1.148800
BOM-S0470,S0470,S0211,3.774700
BOM-S0471,S0471,M0378,2.893000
BOM-S0471,S0471,S0395,1.292000
BOM-S0472,S0472,M0234,1.891700
BOM-S0472,S0472,S0089,3.409600
BOM-S0476,S0476,M0810,4.953900
BOM-S0476,S0476,S0351,4.696600
BOM-S0477,S0477,M0839,2.550000
BOM-S0477,S0477,S0190,1.320200
BOM-S0478,S0478,M0544,1.902700
BOM-S0479,S0479,M0872,3.016900
BOM-S0480,S0480,M0917,2.136200
BOM-S0483,S0483,S0200,2.344500
BOM-S0485,S0485,M0383,2.014600
BOM-S0485,S0485,S0300,2.411600
BOM-S0486,S0486,M0248,2.010700
BOM-S0486,S0486,M0389,3.709300
BOM-S0486,S0486,M0499,4.170600
BOM-S0486,S0486,S0120,3.406700
BOM-S0486,S0486,S0168,1.479900
BOM-S0487,S0487,M0208,4.982800
BOM-S0487,S0487,S0285,4.032700
BOM-S0489,S0489,S0065,2.894200
BOM-S0490,S0490,M0165,3.927900
BOM-S0490,S0490,M0728,3.600300
BOM-S0490,S0490,S0498,2.112600
BOM-S0491,S0491,S0348,3.931900
BOM-S0492,S0492,M0940,4.393300
BOM-S0492,S0492,S0474,2.121500
BOM-S0494,S0494,M0240,4.263100
BOM-S0494,S0494,M0921,4.218500
BOM-S0495,S0495,S0132,1.862600
BOM-S0496,S0496,S0368,4.267800
BOM-S0496,S0496,S0483,3.614500
BOM-S0497,S0497,M0628,2.132500
BOM-S0497,S0497,S0234,3.205100
BOM-S0498,S0498,S0291,4.787800
BOM-S0500,S0500,M0241,1.400200
